x,y
0,0
-0.012896007762393,-0.607041867025923
-0.045586415427849,-1.211599947172797
-0.095158320105256,-1.801835567376870
-0.159038921933714,-2.367465557529394
-0.272261232009768,-3.068263107075185
-0.251638956835549,-2.950839203088384
-0.304940335280293,-3.225664546523399
-0.468028228670022,-3.969203169407059
-0.626856373554944,-4.520199712037131
-0.860176034699833,-5.170573139424397
-0.857027847495772,-5.161698134593005
-0.963900029440254,-5.422619567646191
-1.237416137586095,-5.994860612999052
-1.538692414704826,-6.500629486228323
-1.871724893732718,-6.971969613164749
-2.378990100799442,-7.536483934781584
-2.162959939413525,-7.311711635618609
-2.543699404395014,-7.693683770743118
-3.053568568672091,-8.118826347928749
-3.532870678901560,-8.458056964259310
-3.190939309601376,-8.225197819062696
-3.811393628770929,-8.625713171881202
-4.359656541776786,-8.918216276317512
-4.908836931193434,-9.159271775557855
-5.476305102605380,-9.358869861293707
-6.052893612526248,-9.515028569658117
-6.637423596073361,-9.630788681596030
-7.229719276915148,-9.709517713060944
-7.829557463293668,-9.754599387087641
-8.432608761102628,-9.770792323623624
-9.027347333078950,-9.765264757788657
-9.603543600080755,-9.745292643074858
-10.314751361817812,-9.706529195178700
-9.981729319567606,-9.725771506207035
-10.704202911937898,-9.682387139424879
-10.469278665613388,-9.697148985764027
-10.906065741343298,-9.670896010189267
-11.587136169274345,-9.634392180756695
-12.143140327698603,-9.616767409828572
-11.757367337697360,-9.627718336376224
-12.532368727130432,-9.613090245714961
-13.119318474661597,-9.627335254660956
-13.721451495071577,-9.668211019720200
-14.314876357274116,-9.744030744731596
-14.901420635585595,-9.858177058056318
-15.479087731690981,-10.020566018748609
-16.038577029470744,-10.232139815598561
-16.574944702750685,-10.491375942991471
-17.100936611601668,-10.790223114994220
-17.597404150763509,-11.098424247612217
-18.187527917786142,-11.479559830723437
-18.113494463958219,-11.431872635180742
-18.435387006088646,-11.639501754301987
-18.920434583184729,-11.943724690713623
-19.517782654707133,-12.280017196812894
-19.176108277477226,-12.088355363851003
-19.870137307380105,-12.442063503029313
-19.560555258417835,-12.300436468374590
-20.217185037142272,-12.580664953025716
-19.951235178119560,-12.487159026649117
-20.510408904818462,-12.696603965364405
-21.068208032627354,-12.846237485799326
-21.707530410867975,-12.972691860185606
-21.782027255817212,-12.984079999117856
-22.025667726219751,-13.023583930717720
-22.705719244044190,-13.114922533417035
-22.597711425942805,-13.101404431524529
-23.008203994083999,-13.152068158450339
-23.569953670839297,-13.219531412416083
-24.254933414913197,-13.312949004172719
-23.884581607087910,-13.260832407916753
-24.582131638157634,-13.363359259063772
-25.134187588638852,-13.468082164661039
-25.694694355364433,-13.595972694154092
-26.372005625824940,-13.800766293282454
-26.051598042188715,-13.697846481850856
-26.672923474940063,-13.908306256987546
-27.199861081940199,-14.132313248785863
-27.814809848208370,-14.472262379968925
-27.768156308741865,-14.444008764094971
-28.005147256530478,-14.598231663853575
-28.523352703789541,-15.025280536477732
-28.865686164637125,-15.483385717484875
-29.126379625216231,-16.032970239226891
-29.290522334859560,-16.604214025422237
-29.378144621095643,-17.188198886434439
-29.390210990226606,-17.743611043277376
-29.389501420510982,-17.563596389848165
-29.387108060411521,-17.381312243048797
-29.383220445021266,-17.859500381596472
-29.321718912310743,-18.529491812619085
-29.208986117173367,-19.092534013122563
-29.058150477401156,-19.672337503575463
-28.874013632356707,-20.251629835635953
-28.663182136392038,-20.815684568806297
-28.439281508415448,-21.359676193615361
-28.205963090795308,-21.904865563055374
-27.964626378276677,-22.444339676012355
-28.110584235324325,-22.118789183452833
-27.792211637768801,-22.831686000501975
-27.558902356478498,-23.360966159778616
-27.320214958408798,-23.910741292919923
-27.082168812176846,-24.465772789051666
-26.849907208233390,-25.012399633573224
-26.615008859038198,-25.567065903191558
-26.378430977629691,-26.124778901986705
-26.240368949610044,-26.447686431736656
-26.297886584305147,-26.314421198309045
-25.918096678082136,-27.194640109598023
-25.929748379995999,-27.167544828784791
-25.887263523536433,-27.265013024698042
-25.607449393668716,-27.901876209559720
-25.379048297085092,-28.414426077065873
-25.141802817872417,-28.944273966368407
-25.253949536152490,-28.694360960597006
-24.952942325967328,-29.365041702846092
-25.105964915683856,-29.024259110161093
-24.797035171013050,-29.712449429600767
-24.563530020121490,-30.233031294294893
-24.320350927705363,-30.778753274571638
-24.073842928239557,-31.336966310630366
-23.846969204368705,-31.856809819068758
-23.565820486615451,-32.512325120709519
-23.688160829514246,-32.225724185033933
-23.449320460457329,-32.787265337737253
-23.199175650614706,-33.387872277247794
-23.348371345670202,-33.027941219858775
-23.085997074517906,-33.662866665198095
-22.855958106081914,-34.230942799186835
-22.632987595407783,-34.792851261236947
-22.419368931250688,-35.341988109193316
-22.197243968082446,-35.926542366646324
-22.124046211429146,-36.123438706638780
-22.082957024349838,-36.233374231005065
-21.935885210748751,-36.633860276268841
-22.000859664445187,-36.456605781893089
-21.732059654475549,-37.199575651534147
-21.541369834819051,-37.745693900561868
-21.349045950308252,-38.313034733687282
-21.203499444602684,-38.756768055798965
-21.277368317238299,-38.535665441416477
-21.057361624342235,-39.217188735285333
-21.154885972800201,-38.908723065729141
-20.951549466456754,-39.559459782297019
-20.821788141841580,-39.996357575725177
-20.866493338753969,-39.843436643319293
-20.675816714421273,-40.505883104828442
-20.785318813322178,-40.118268342687692
-20.550517237728357,-40.966863557614488
-20.464648051445153,-41.296802138713495
-20.505890347880708,-41.137137198189265
-20.342493683038938,-41.786608422899413
-20.208428876771890,-42.364620764120225
-20.082882390623254,-42.948069192239117
-19.965075762477085,-43.542096375072482
-19.857888327039234,-44.124356747135785
-19.756400197143122,-44.723098773879279
-19.684856050771003,-45.176227934410534
-19.707694795637508,-45.027551257681509
-19.611354863268133,-45.669206515839043
-19.657180118305718,-45.357493935830483
-19.549043108199996,-46.110669966799932
-19.476554976540825,-46.665033977916586
-19.401396693832567,-47.271570452023106
-19.336324013832566,-47.855273841476688
-19.274950896754333,-48.538372285270746
-19.281705693871601,-48.454494778260695
-19.253840847115669,-48.821642445826569
-19.223936696822904,-49.418728496546819
-19.213117007212418,-50.015083916687416
-19.228823731913423,-50.673588911795179
-19.230987639134170,-50.703406366595090
-19.244643587254501,-50.956328725296522
-19.299122796267511,-51.550795952672132
-19.413279695608679,-52.256759585618425
-19.354834192067770,-51.931810279703996
-19.441128115626469,-52.362470074696098
-19.606714716682276,-53.053739308761031
-19.779327890402996,-53.554268373414487
-19.699263340508168,-53.335092186899587
-19.955485146293640,-53.988755531770529
-19.814364093391305,-53.648116466300550
-20.129149988040950,-54.352310329512910
-20.413852791432888,-54.840689748850330
-20.759559421825102,-55.339269255768038
-21.141896197312732,-55.786799595119000
-21.634207797118535,-56.231844589372066
-21.865249763169487,-56.401745683789322
-21.814956487642888,-56.367969654519328
-22.426340897338704,-56.720917732682473
-22.971223299496742,-56.870903100938790
-23.577840555320677,-56.949103424820684
-24.225929162690463,-56.904921590730630
-24.334456581514900,-56.889777350258093
-24.362838388629370,-56.890117774074206
-24.971695453666172,-56.759454284826148
-24.668320029912124,-56.833505791964967
-25.314841206721781,-56.657626976240614
-25.876475269326420,-56.439472781254914
-25.497291568307134,-56.590925674242349
-26.196630126291979,-56.296487802547006
-26.719490662676378,-56.029330221001466
-27.239164037197696,-55.732915396526337
-27.752309813419032,-55.410428046655710
-28.227026952309927,-55.091852665780806
-28.827681507321145,-54.664274425265852
-28.596883177657745,-54.830918101922151
-28.980146013007811,-54.552309535362738
-29.512270140767114,-54.157791986345423
-29.973198992865875,-53.809286788055132
-30.559959862043797,-53.355219578783185
-30.400434427460112,-53.479586727971544
-30.726393297669020,-53.224473573269407
-31.243435975749208,-52.811619610399354
-31.694010033914523,-52.440907472711025
-32.156601236554621,-52.048321467408279
-32.589730554661429,-51.669020895106677
-33.027159611365732,-51.270246662927583
-32.776765703381741,-51.499890160599939
-33.351517126296983,-50.966275451715212
-33.738895593817176,-50.589028206072228
-34.241048522915762,-50.081101229936223
-34.006720561372802,-50.320910244114863
-34.503906228937979,-49.806529875255791
-34.374971757369522,-49.941399529017431
-34.633964190578425,-49.667490627646025
-35.080719961341458,-49.181486826311136
-35.471957493103929,-48.738550985140058
-35.860910584541898,-48.283549487467951
-36.242601277464203,-47.821163695417425
-36.626731256725478,-47.339527467466382
-36.785078218600205,-47.135155871232790
-36.730840744855143,-47.204701920263616
-37.230474106251492,-46.548275466593630
-37.566706196607356,-46.085366354856404
-37.915009585318927,-45.592033212208833
-38.108084372222010,-45.309598714861124
-38.077125261833757,-45.354755197999609
-38.455726601675295,-44.791300092635765
-38.875921947513547,-44.136164386008858
-38.702786060254780,-44.409422224154888
-38.968028266109357,-43.989584395092514
-39.300344857275292,-43.448683203212802
-39.599245870921393,-42.943954269049442
-39.894991062423017,-42.428903183245488
-40.186683151998523,-41.905793337806273
-40.473424859866057,-41.376888124737050
-40.754318906243952,-40.844450936043174
-41.028468011350483,-40.310745163729933
-41.294988212901600,-39.778012981950383
-41.555956378856152,-39.243779277876754
-41.817963904395441,-38.698207861323901
-42.064043156709474,-38.174576126067841
-42.358063890987012,-37.537818181864971
-42.228889761043746,-37.818568916023310
-42.478263716109950,-37.274466242528746
-42.750446474838171,-36.670787373209834
-42.592895858586971,-37.021022936218074
-42.880585884766703,-36.380159001168416
-43.130739525160465,-35.817371330161698
-43.369168834939572,-35.276925029992832
-43.614900752932556,-34.718256786797568
-43.854866508089145,-34.171955894851223
-44.085216397676774,-33.647983602653710
-44.358560900328058,-33.028767478646188
-44.195446031748659,-33.398341832503618
-44.482065069313322,-32.750456864062357
-44.722857832181973,-32.210975650447637
-44.972434336344193,-31.656790947729828
-45.215496101151814,-31.123347967390057
-45.446349635551542,-30.622893593517858
-45.340852554081550,-30.851228228141448
-45.626147004641396,-30.238015758165293
-45.880874855943119,-29.701835070983282
-46.141400300007817,-29.162725050766575
-46.411141349139342,-28.617230218225071
-46.577797456511519,-28.287736237036022
-46.448026230415806,-28.542480790869075
-46.858915084123851,-27.741389297402328
-46.924677025431833,-27.617607651678252
-47.000365865742879,-27.473085215511347
-47.294426108399435,-26.927108315743446
-47.584525224445670,-26.405052327457287
-47.884393207757469,-25.884142806979437
-48.188764121934582,-25.371655678200856
-48.503069861871722,-24.862592825067132
-48.831948139201060,-24.355332514999830
-49.156338664833868,-23.880677399759872
-49.578760099130335,-23.313203489621657
-49.364990553242265,-23.594129816034364
-49.768098971998953,-23.074316210522205
-50.158246714637855,-22.620313208955533
-50.363600778054277,-22.400379728684403
-50.335261223945380,-22.431011602355049
-50.855319258933278,-21.914998541777443
-51.302905605419511,-21.536777911021037
-51.788447218341474,-21.176960041500994
-52.136613979108574,-20.951116551213516
-52.001384753853131,-21.036229158478001
-52.593753337872286,-20.679579132558455
-53.104865343197545,-20.420440892852938
-53.653468407663652,-20.172634981842823
-54.203689164497050,-19.957756195660306
-53.903146829535089,-20.072225815511622
-54.602605055091885,-19.817036498215941
-55.138317596720171,-19.654025543896694
-55.726320004423712,-19.493732229897667
-56.302776364920760,-19.358991033376441
-56.674494256512020,-19.281807747033888
-56.579704131804135,-19.301469635823985
-57.268651031258287,-19.169162814762799
-57.843258956966451,-19.078066042471157
-58.420838914678285,-18.994577476071338
-59.099395335803138,-18.914608002422153
-59.235646065773295,-18.899555294785294
-59.281751577325025,-18.895020672664618
-60.029684572761425,-18.821746201747548
-60.596438006152709,-18.777000427162196
-61.184685054548993,-18.736561917584535
-61.884915138233026,-18.696766121229359
-61.741725021790643,-18.704290859202825
-62.041846576780785,-18.689104750087360
-62.704399124528294,-18.657879525422789
-63.380927138555336,-18.632186918940718
-63.028634582478873,-18.645381815486687
-63.705649426842939,-18.620961072598643
-64.290905622539867,-18.602485449714553
-64.872781822147545,-18.585419091875540
-65.554003266572892,-18.566610777299296
-65.135722433310718,-18.577925895317129
-65.743462931517229,-18.561199317805954
-66.469776896046909,-18.541191438143127
-66.119086523610548,-18.550830606810148
-66.879259943085714,-18.529206369145456
-67.410614617000192,-18.512895098914335
-68.108935740705874,-18.488942156151325
-67.878415432480125,-18.497240441847147
-68.431813296093424,-18.476892790041198
-69.003740103599625,-18.453132787066981
-69.497494824298570,-18.429586332659817
-69.325652618965364,-18.438168512747367
-69.991906771819856,-18.402851193002554
-69.635762195743951,-18.423195702628323
-70.544120424358795,-18.367182521637510
-70.747313777935886,-18.351877760814563
-70.725226013693799,-18.354024352007180
-71.378367621053172,-18.298968802255271
-71.969443623436717,-18.237116849815052
-72.565745185066504,-18.160894972393933
-73.145593722555901,-18.071343377691594
-73.826839124738740,-17.939626352584462
-73.604537337307164,-17.985851666299983
-74.141264599544115,-17.870093752649648
-74.703445833229409,-17.723660671454951
-75.284935272805853,-17.544735547687232
-75.841450754803532,-17.338520510185848
-76.393170974833396,-17.095741844670645
-76.906512781795243,-16.829722802583625
-77.508827715959484,-16.451087684068526
-77.293844309384951,-16.594661493194124
-77.808370153468985,-16.234724195910264
-77.798029366291644,-16.240159270304623
-77.915647236620003,-16.142282169638889
-78.507126067480186,-15.633921101809355
-78.878556221522928,-15.220168421016723
-79.231120469739750,-14.737722135607740
-79.544870408995536,-14.213528552430420
-79.791915235288940,-13.681256040292036
-79.988021629479817,-13.052176295434247
-80.042307148182772,-12.863350582696484
-80.016470061635999,-12.947149385529780
-80.183920300815117,-12.139554745187217
-80.233961687468593,-11.564986183625418
-80.244908104476991,-10.967270834109090
-80.203964992868180,-10.361489453987614
-80.126054769294711,-9.796792094438379
-79.959301955371927,-9.101837059180285
-80.054244068221863,-9.464310174650926
-79.869294908146088,-8.808954917835820
-79.653687791356361,-8.273996838897654
-79.379210542558923,-7.733828267403204
-79.069112007515031,-7.250272354492393
-78.698314268093441,-6.791405915495328
-78.915732674255139,-7.054998007005564
-78.408052023757904,-6.479811696504287
-77.928996103546154,-6.066802567855921
-77.869850552150382,-6.019398234006283
-77.712830562648151,-5.901431016364308
-77.167596971228647,-5.516225502223798
-76.533751168092266,-5.156962983156292
-76.866298026299688,-5.339024395046788
-76.334428433762355,-5.054455030134120
-75.761009486404504,-4.785274134644014
-75.230230048734285,-4.566522518162600
-74.546929600637213,-4.327407292918941
-74.853540497883813,-4.430108644268362
-74.274037696161997,-4.241239828137510
-73.714613697647138,-4.083905244000128
-73.117398284875065,-3.939187134553151
-72.541740877129854,-3.818802848496799
-71.941183254610195,-3.712118242696921
-71.521052593110340,-3.646803570228463
-71.770537596471712,-3.685565891702995
-70.959957668584053,-3.568865433437790
-70.376511410003985,-3.499172751806810
-69.780809103854466,-3.436631738234643
-69.178461604098544,-3.380345441092363
-68.589574424251595,-3.332941207721562
-67.987013716597403,-3.291137693032501
-67.387413959447372,-3.255239554397723
-66.812672852223699,-3.226721041012281
-66.147839446651204,-3.200478861616498
-66.500586310861223,-3.213872389519562
-65.816793041657576,-3.189814395174004
-65.207752967291526,-3.174367808751613
-64.992314585201939,-3.169976411861985
-65.043576492698804,-3.170756268441786
-64.082210113468960,-3.156058937369141
-64.208085242103635,-3.157817476448045
-63.924405121351157,-3.154654957933681
-63.298716760089121,-3.149908567612006
-62.618189167338016,-3.147145821166748
-63.044699860097126,-3.148870877020227
-62.382782442057163,-3.146557123479556
-61.731772737528587,-3.145120744157001
-61.065680898418492,-3.143018275058730
-61.180710352239544,-3.143279799986545
-60.768548884744803,-3.141832289366947
-60.132878915209773,-3.138761997251485
-59.542131693916701,-3.136057395359546
-58.959687473717224,-3.133875116363770
-58.259959243566811,-3.133533702290258
-58.595187184870099,-3.133534270552011
-57.955064497673362,-3.134384201855920
-57.365183713537959,-3.138565658313166
-56.762514816096797,-3.146646318143259
-56.164402025157386,-3.159817991812107
-55.553218297720306,-3.176431124773800
-55.263320098128446,-3.183900413168971
-55.293889308011586,-3.182815216872383
-54.556215667553474,-3.198681861437620
-53.975345206248988,-3.195538128232013
-53.372102849018603,-3.188617193408654
-52.776629311789833,-3.149474407837681
-52.183876918289570,-3.083374352791195
-51.591761614570544,-2.995041851960831
-51.003067701630172,-2.881473325223207
-50.420873174325351,-2.739198960068159
-49.848256027513060,-2.564748943985528
-49.288294256050349,-2.354653464465152
-48.744065854794144,-2.105442708996868
-48.218660141212808,-1.813642383899871
-47.724228178864195,-1.472191811638017
-47.298286402764603,-1.063991415131468
-46.982755698915781,-0.570198459662816
-46.818014969252118,0.025585495921452
-46.733477979635836,0.601129636189922
-46.733372033561864,1.175516491580360
-46.722127300921528,0.811729942216303
-46.777427791044389,1.608908078344499
-46.735871164955441,1.239486456244839
-46.837153312433614,1.927086344247401
-46.999241565969655,2.477306659012038
-47.218237056052430,3.024414455660320
-47.489985378126491,3.567124378677529
-47.794941471467837,4.082883489819807
-48.112381316503559,4.567902707420071
-48.523290553755260,5.149891550709762
-48.391427717324163,4.966239294707957
-48.678448057093462,5.362339523971491
-49.026552408532723,5.832469117069884
-49.381980897608344,6.316132306488113
-49.730532869324293,6.808449192697589
-50.058652384313035,7.292536274066126
-50.393273718597328,7.809958966849262
-50.174983151365382,7.469901296818776
-50.573808609419899,8.099489020071374
-50.888484732732707,8.619937019372893
-51.192471514524200,9.142268205320823
-51.482612922998783,9.656590507935189
-51.799185603919184,10.232660234961680
-51.808078806021669,10.249548287939932
-51.935747128172309,10.485067569396170
-52.242983628162946,11.058991633114889
-52.511688217666460,11.572734346712405
-52.785977015054613,12.106942438859022
-53.053211729726030,12.640862660328368
-53.316402871387282,13.181382314431879
-53.572545503821985,13.722225748518177
-53.820305420354714,14.261913134169678
-54.062758629318509,14.811092256976192
-54.299127346384751,15.367591545328263
-54.525901718211770,15.920394466674491
-54.739538573261797,16.458375435520342
-54.987504279799296,17.106014244060521
-54.949542242272415,17.005059375520311
-55.108498461653667,17.433438390133137
-55.136975328559046,17.504919743127342
-55.210054726263607,17.702321781790957
-55.421609126318430,18.283756783680406
-55.623706119709070,18.848987127798484
-55.818948649374519,19.402689465240652
-56.043189482823692,20.045552152830496
-56.003418507802678,19.931566859055494
-56.145086089034947,20.339099086131682
-56.341231908836249,20.905782970803948
-56.539740277924096,21.479181469396572
-56.729188932396283,22.025287858124251
-56.961253343183245,22.688492129875609
-56.842533648071452,22.350166900339961
-57.063063970934479,22.977563887779741
-57.254396013235180,23.515490506268776
-57.457213426970071,24.078023980433748
-57.667710982891009,24.651323987846983
-57.870978939403443,25.194119749002763
-58.122394619205153,25.849965529491541
-58.101194279342792,25.795320146265777
-58.168678152205160,25.967931991391183
-58.422361754687103,26.613559522078084
-58.687776051746994,27.267503620894310
-58.537087727838298,26.897822540834529
-58.825612134689948,27.600443365246470
-58.713317960729029,27.329460892389658
-58.938669010936934,27.870359738202954
-59.162543806726148,28.394490438866040
-59.366401878405043,28.862130607650442
-59.245083733945648,28.584187272942955
-59.564184592034906,29.307283708572175
-59.848651165453020,29.930056919742405
-59.789638201331599,29.802198852553111
-59.896118780053541,30.033628554020886
-60.288311687367440,30.869182849117443
-60.150751452451317,30.578148364696169
-60.401211869984991,31.104878959258102
-60.649655427884994,31.618758883596655
-60.935318572688828,32.201905437080754
-60.990550432827291,32.312994348392124
-61.024225920516415,32.380983292230397
-61.367489705537849,33.070240733870939
-61.628426703459951,33.588107703024669
-61.915736339140921,34.154791915556473
-61.992768216716399,34.306100831080194
-62.051690615603263,34.421566956412420
-62.368887469868241,35.041756540338262
-62.354508119350186,35.013455599528811
-62.503786425417132,35.304127951046844
-62.795760723148248,35.871011333821080
-63.068382399661232,36.398462566465582
-63.347177097800824,36.937081678589422
-63.612803662880594,37.449471430748446
-63.897261234626058,37.998156639848453
-63.713030351873698,37.643036505879650
-64.058025164898226,38.308664923770166
-64.351606743762517,38.875979834017762
-64.619871763414380,39.395452487776808
-64.897513776185889,39.934688032177718
-65.174982381690938,40.475868088777226
-65.438852401452550,40.992559377488043
-65.729057564078317,41.564406810860334
-65.866480781661238,41.836871715562850
-65.765664909178014,41.636437510941278
-66.178536925510599,42.458213693457630
-66.231948474880625,42.565206675301162
-66.233523542977281,42.568319048241825
-66.573682846258976,43.253229645293544
-66.824429563045868,43.764473752665083
-67.088064823486519,44.307702838301083
-67.346980854169090,44.848293798431257
-67.601901190455152,45.388399712780867
-67.853564927318502,45.930205026506364
-68.102382946066598,46.475366833053720
-68.347841475300953,47.024056555902504
-68.582182764973169,47.559174949295581
-68.858529094333278,48.207533054879534
-68.770301341910852,47.998913878328878
-68.962399777662085,48.455479596378112
-69.183974565279271,48.996398791630121
-69.403576025031896,49.546670139090907
-69.647435447407929,50.180487389995292
-69.630306777738440,50.135654541068661
-69.697354748532604,50.314295250855572
-69.950754077348336,51.001987249537805
-70.142005727652986,51.546030248954445
-70.335208125281810,52.119721729590573
-70.510831537207139,52.667267638117387
-70.700568656039167,53.306383381379590
-70.608009025096152,52.988079689637821
-70.796664218687226,53.651244566140790
-70.940532163055479,54.216275774362032
-71.073673647445673,54.802871281908715
-71.187550424834257,55.384686466664107
-71.293253590003303,56.065964328729315
-71.304243783939683,56.137583095171252
-71.318168524669574,56.328280216314504
-71.369091783224036,56.706855871992644
-71.352642903290985,56.579209041219286
-71.417015632332181,57.353821624483317
-71.423727007095493,57.904470614597564
-71.401618139080455,58.599049672660541
-71.421126542045954,58.161451957668170
-71.380154398669049,58.820528156835358
-71.299831010890273,59.462627399351987
-71.185564899229774,60.029805759178721
-70.985003695811059,60.705599364122762
-71.093318400327888,60.367278625281791
-70.896680253383948,60.946415037113510
-70.655973838705194,61.498214359843359
-70.364304329695472,62.028347313047220
-70.029938628609727,62.520997521140401
-69.639294039589942,62.976678242847271
-69.201466346760412,63.390397189171324
-68.747451825542129,63.742774315402386
-68.148830149551401,64.112937041945173
-68.464983775920160,63.926635347011342
-67.881556198016852,64.256396352578335
-67.359697121894470,64.497313305821947
-66.734637516009428,64.738167085201269
-66.726372601670818,64.739886923227900
-66.434685424627901,64.839491926391830
-66.142615949698836,64.927307337029163
-66.210116911411234,64.908999560097243
-65.581612450774827,65.081562979897768
-64.988392027168317,65.214912794424535
-64.434416311645350,65.322641342110146
-63.736899750249677,65.425410330824803
-63.624461311720893,65.440004160472625
-63.476813830986686,65.458154864219026
-62.839403401949369,65.520154356226854
-62.255760151336546,65.551700987108092
-61.650156825041108,65.565676875819719
-61.058096680535840,65.555120155862795
-60.451554330920629,65.521914631413878
-59.873363796941049,65.469898534656963
-59.184944520066836,65.372572893384174
-59.335912539490351,65.396678507594416
-58.885090096181841,65.320970361939303
-58.279166799693513,65.193128270797516
-57.707862301585465,65.039512698050856
-57.359505323012201,64.929013696602510
-57.502663037299072,64.974958660079935
-56.765424321134589,64.714589452537410
-56.249577220493876,64.481844535756125
-55.705467547679106,64.195011989521532
-55.305964927354836,63.946316975516979
-55.566557842289654,64.109227370004348
-54.912875749711048,63.666932205474524
-54.494518156371072,63.315022702778577
-53.972537402158551,62.742808255160853
-54.179535780095009,62.990302670404077
-53.828143026433779,62.555372532685681
-53.455678683980750,61.941641507028081
-53.658632896069918,62.300504131536400
-53.332553184387947,61.677319713545558
-53.133810958957000,61.142807760184851
-52.963319955783234,60.587634099098850
-52.796204100966179,59.874513064427319
-52.861710270624528,60.171518664631975
-52.739338420497546,59.600400839262278
-52.631436423153858,59.026007258481435
-52.523759353735187,58.437473564645614
-52.414310351979651,57.858320230696314
-52.279059236144164,57.253288145177294
-52.142625018451056,56.715327465462074
-51.919056417546855,56.020013081305883
-52.012881240159700,56.290513775988046
-51.836480947166294,55.802653923602087
-51.611625548462754,55.223186232340666
-51.312174538278114,54.639141096149601
-51.225878471386736,54.466906134395153
-51.222912919649602,54.477107951459246
-50.833016189494060,53.823324975112655
-50.512271043118858,53.396753897185995
-50.080670480236833,52.888742876821354
-50.291083801666218,53.129816397838340
-49.812291700940676,52.613615318012698
-49.387833403554851,52.225151411437885
-48.918580837493650,51.840820733128893
-48.432523188160886,51.492021891130477
-47.926424807029449,51.174980813725043
-47.399610053281194,50.887821455412833
-46.857993280480287,50.635230139996430
-46.298978518590189,50.422561681906913
-45.718590404386148,50.255408977528191
-45.142788793007711,50.143021619013979
-44.484758003485780,50.090659226634926
-44.905772472798034,50.116141519181433
-44.202750599847420,50.090117826836021
-43.494615755200115,50.184969066935778
-43.546427560250336,50.170978674442310
-43.269249994415588,50.228585267885393
-43.607255094215560,50.157492682778560
-42.857330430411082,50.346403695756905
-42.343970846482208,50.571378089705043
-41.818294330365603,50.871271923295950
-41.350158363717270,51.217438328744770
-40.965099683367242,51.595043339262702
-41.165946070655536,51.381467306463293
-40.637665376854656,52.012986842448491
-40.866409162521876,51.705184867834475
-40.509957461500974,52.233853812201836
-40.284413740879017,52.770280602241051
-40.123770089958157,53.355950602227175
-40.035302211130386,53.954695312643452
-40.007485816471402,54.575117904081040
-40.016073785115623,54.220495297084774
-40.015811037867536,54.913735405563969
-40.068478634221790,55.491871577855932
-40.157454648031759,56.088801532574031
-40.276172545540334,56.674150832828495
-40.418282032232426,57.256280693910604
-40.571157028638083,57.816712724947060
-40.765375256146044,58.470598563864819
-40.666993276291791,58.143889456048242
-40.863412696601330,58.792173168798548
-41.034956048374525,59.351097587690958
-41.205728512908408,59.924766673944411
-41.371246990645233,60.500501523311613
-41.532452103582685,61.079771911840396
-41.683322642880498,61.635966017915763
-41.862974503692328,62.307491155560953
-41.767848466930374,61.950872944330271
-41.946182185059911,62.618577501457196
-42.096551403015269,63.177302584564629
-42.255792159209008,63.757947794013774
-42.418471853703082,64.332109365380148
-42.589341426659288,64.912340995915770
-42.755270062247007,65.456169588257737
-42.968452810238318,66.136791850230082
-42.852810207535384,65.768430610798362
-43.070481489445569,66.462500394707376
-42.992189874333633,66.211698092119178
-43.133099293902177,66.663289820663124
-43.337234859696139,67.334750152717731
-43.497174318125033,67.888162633577295
-43.656377011676369,68.476733199042300
-43.800987552505035,69.061339440186288
-43.926203047575143,69.615480388375531
-44.059172259774201,70.336441979150749
-44.013063685705887,70.066940158701925
-44.099747638662095,70.599314153924936
-44.169786503898706,71.183313615314034
-44.206593772013704,71.791424386050906
-44.206043697273699,72.362077238108157
-44.130065932509908,73.078225441777874
-44.183048097589690,72.663890810553610
-44.091947148288625,73.248733992242691
-43.928027658785226,73.919511234822636
-43.723298189207298,74.457180348476541
-43.357145050529297,75.063895771392694
-43.333412834166154,75.095775595488377
-43.260708586677595,75.187982693168749
-42.745852213462911,75.683118508720057
-42.202985479939514,75.901692778282424
-41.542959630993778,75.979142178064507
-41.470924559289998,75.973092568903482
-41.389485610021865,75.978399978938469
-40.765419722282786,75.910469535685493
-40.095940213437288,75.723709008166566
-40.140891450128521,75.739137129071736
-39.826070005725228,75.626303666219556
-40.186780259017340,75.756538007382559
-39.489176307358520,75.481672917575423
-38.929128336450532,75.206737234020181
-38.407761305273624,74.905134994045014
-37.888205870892918,74.561363990073261
-37.564241530370126,74.325899584595632
-37.672767143823606,74.408623421959859
-37.144380612225277,73.995878650327015
-37.482935243126548,74.265998925516939
-36.907801431740751,73.790811576847730
-36.453004048177476,73.368940647428616
-36.038351376051864,72.932782241136280
-35.655181774155338,72.480582416758580
-35.345331793666546,72.069773986365874
-35.554343061816184,72.350358308916853
-35.089353974287931,71.698487962705002
-34.792560127918648,71.217952045525593
-34.447649787196411,70.580242004843342
-34.602173995140106,70.878115230197878
-34.296058103211251,70.269318655528480
-34.376530430323882,70.435386474187808
-34.155121693163835,69.957358739278632
-34.147890383627612,69.937421436306067
-34.044856847115568,69.696050727711921
-33.810514051145276,69.093782125268945
-33.621487859522020,68.547422303169995
-33.421439426044969,67.890846937900363
-33.406097724691875,67.837572518646823
-33.346381243033179,67.627111925229798
-33.181567721416755,67.008563907301024
-33.041146411091745,66.423809826302048
-32.914467536143874,65.861372631847090
-32.769381152745311,65.156856242388571
-32.807246377288180,65.345370758153166
-32.732322049326001,64.967621491279786
-32.598169230944976,64.269110065869214
-32.495456327595548,63.705371013468323
-32.371866740151091,63.007433643550755
-32.399935916559642,63.167757476990360
-32.332158685580708,62.780014864377137
-32.222372933834123,62.145162097844121
-32.120944862606365,61.555485266248596
-32.178927963080071,61.891034062978761
-32.049769349597298,61.142581446315383
-31.954150003286685,60.598696274968397
-31.846819999517322,60.003024734653657
-31.737632419523891,59.416188906535716
-31.622481964383113,58.828418105621807
-31.499053710875415,58.241411767188225
-31.365349114694581,57.660599573980505
-31.213987174972530,57.078738362275168
-31.044719232831753,56.506712625891026
-30.837779090629667,55.908804171557541
-30.747710138867589,55.678268515657081
-30.720031919777071,55.606294125193479
-30.475316674631912,55.046261875005726
-30.141101915372104,54.423220553410260
-30.266172429042754,54.643270081388287
-30.125269337665543,54.398154335749901
-30.196708608178881,54.522105584026839
-29.791266549543892,53.873166044997241
-29.448650944810950,53.435315426697869
-29.048105146937630,52.982246393031566
-28.616165977189496,52.557002959950196
-28.181882662015781,52.178431672570859
-27.640398689460355,51.756878064575744
-27.937529850766850,51.982620275616426
-27.369494792858248,51.561187779785463
-26.888144738544895,51.237595036324457
-26.384401528245490,50.918486060437914
-25.874650637268431,50.604305673442383
-25.361489612892910,50.283617198456284
-24.879486005696478,49.971584250853098
-24.339424590709939,49.590000585575062
-24.674150957154311,49.830706570121336
-24.117249895446392,49.417619225839694
-23.627799918830462,49.002636210473788
-23.207706597349826,48.579476079745042
-22.833799356587136,48.101570890434495
-22.534551325272460,47.610744908566303
-22.263892925225790,46.938598982468207
-22.307281006741434,47.070625408954029
-22.192678814512419,46.708747993095642
-22.057825441292920,46.156535206508011
-21.965126716443876,45.440281166155600
-22.008597763917649,45.828757281560293
-21.951177923384819,45.256693100190098
-21.931332556580372,44.644437914406019
-21.944138460004396,44.061874072340061
-22.003328740951432,43.336261496125175
-21.986985403737592,43.499108075617464
-22.032856573300236,43.067739875372411
-22.112514522209793,42.501294711547963
-22.225023692881848,41.862447199894660
-22.151282395894341,42.267747688865263
-22.289319433028268,41.542244017038527
-22.415196698735969,40.965647257300184
-22.586762000896229,40.271635167262829
-22.532055511109746,40.485866035426184
-22.645806165034585,40.045323055542013
-22.803854810872949,39.477526113116873
-22.972436252301407,38.906590571804436
-23.176420326378320,38.256360213267037
-23.168476644324826,38.281170902309739
-23.265781009986810,37.980760294570565
-23.469822081638881,37.371453157083941
-23.687197426207661,36.745361748072526
-23.536978220034925,37.175454931169050
-23.753999672750709,36.558820830433717
-23.973071294831527,35.950541184262931
-24.181728370012848,35.385412627802125
-24.384689651610230,34.844854520525573
-24.588335389330581,34.311534391334277
-24.478609760028263,34.598447299193658
-24.758883093064014,33.868042470151927
-24.961128247600712,33.349325644950255
-25.182016841832464,32.786804841758816
-25.401866190004043,32.230280537128920
-25.621621592500361,31.676583293060034
-25.843493246091612,31.119260004757216
-26.067338348059408,30.557715774861713
-26.278997377151143,30.026198246497778
-26.539519238837926,29.370345329646991
-26.397816277859036,29.727231854587508
-26.641331405567499,29.112346398761002
-26.855349781721799,28.567537474642176
-27.073777038981817,28.005440884333517
-27.286693868645315,27.449559925449833
-27.499885663153947,26.883246061399511
-27.698908003310152,26.343954596805862
-27.941440929100651,25.666585169554640
-27.826176846967897,25.990889208707451
-28.039160019442662,25.387970632520179
-28.225351929358155,24.842473463234171
-28.432259864811741,24.216216978718393
-28.443241148569030,24.181839829313830
-28.508315681656200,23.979912569361598
-28.704821855660697,23.361252218820582
-28.903353896850106,22.709863055150549
-28.791248159750381,23.079794424839882
-28.992753409069550,22.412726963531536
-29.153734113955551,21.861248758895425
-29.320803353619226,21.280626213150207
-29.483979764322129,20.705406003467075
-29.639772225894049,20.128440590867186
-29.791649370983549,19.549670111425488
-29.938068483339848,18.968918915362952
-30.070375988469280,18.383852449597185
-30.183035780891544,17.794543241130668
-30.271899354092412,17.202065526743677
-30.332821563940541,16.607495970525832
-30.361657266304633,16.011911236566739
-30.354261317053343,15.416387988955989
-30.306488572055429,14.822002891783210
-30.214222575196970,14.229899088720728
-30.074507883090519,13.643910172223823
-29.885924272729227,13.071427345883938
-29.647156886672633,12.520085980004254
-29.356890867480203,11.997521444887949
-29.013811357711489,11.511369110838210
-28.616603499925958,11.069264348158219
-28.163952436683132,10.678842527151161
-27.658174449566502,10.349047209597027
-27.123900868130477,10.096861405880523
-26.529194527516069,9.921077617374012
-25.999227798809869,9.797874298222073
-26.404225048160285,9.884097797717914
-25.667912628549345,9.744663944122093
-25.097339312866808,9.691337247333944
-24.492051221983274,9.666126788296101
-23.897169066211021,9.671805047059514
-23.257214947116566,9.701611954010506
-22.993496029218747,9.720251246429747
-23.114375349570324,9.712801143673198
-22.298172780370564,9.779239407990936
-21.742172675960688,9.837418416355373
-21.130747628179677,9.902282848200084
-21.416703579009095,9.871925713119417
-20.732983659143159,9.944754782175981
-20.105897158964169,10.010266434237204
-20.038716367215017,10.017057103938978
-19.940477207618073,10.026908818722781
-19.136613101416941,10.108056966186757
-18.566251693658302,10.163651835998916
-17.965662000703745,10.220948276519985
-17.370594538735560,10.276864979980079
-16.775501046636293,10.332471625694380
-16.179261194683875,10.387596251215534
-15.581010253762770,10.441995885320825
-14.992205150917101,10.494146527071107
-14.317212542419568,10.548808488760477
-14.302746953598231,10.549996111781896
-14.110929764733342,10.564570444057445
-13.380838866850283,10.615963154135187
-12.826874238251577,10.646872115600003
-12.201355705226902,10.675134784126689
-11.634515746666210,10.691637547654480
-10.997709316515341,10.698599592203523
-11.306140354957421,10.696382239399963
-10.619783009170717,10.697011233559651
-10.028202863779626,10.682122507936908
-9.438278164434038,10.656001971506335
-8.820433092631134,10.608210821635517
-8.267440680748138,10.552518985691428
-7.554205459461784,10.446298297123340
-7.846874713763754,10.494107651125674
-7.181863982117918,10.377453761736493
-7.357616843301884,10.410756577618548
-6.908765592964457,10.319376173925022
-6.314996977974843,10.169595838727481
-5.764893663191074,10.001697385629743
-5.088124467230969,9.733985387317833
-5.102646943605663,9.739987157933552
-4.906437992548391,9.654448034729725
-5.205446760071140,9.786613029348548
-4.537519361071887,9.476486553454722
-4.058483784346322,9.194242991129606
-3.562406317042502,8.853091717512942
-3.099272449150163,8.465868359408182
-2.685245869202916,8.060135957469889
-2.234492816486039,7.528811488168781
-2.360796090563937,7.686183591343454
-2.085034173827538,7.331872664920141
-1.727340033700912,6.811023262141349
-1.428951308634737,6.303596764971777
-1.149007050600275,5.761511271259147
-0.911290988619726,5.219806734639732
-0.694218309091951,4.645624669158061
-0.594626062659913,4.337252751275159
-0.654087865395510,4.530398598340851
-0.396817216258967,3.640239265918344
-0.402012802323554,3.650939128683590
-0.341865028345637,3.398712982885509
-0.212525244723665,2.758394164329069
-0.116476386128738,2.080059690674024
-0.067452744438313,1.638918090151808
-0.099099116226014,1.946302948863091
-0.030158437572865,1.165203864333246
-0.007449235352027,0.593098540009319
