blue,-49.488153777466550,-26.121371983688974
blue,-52.677422721979383,-22.382962745043372
blue,-57.302439007488971,-20.691174823362871
blue,-62.230009864624463,-20.179455981649070
blue,-67.185425049637189,-20.025498391042746
blue,-72.131670514161613,-19.711106394254671
blue,-76.928763576121185,-18.531761026158662
blue,-80.623285279756118,-15.357187380015802
blue,-81.675310518519694,-10.578671669549138
blue,-80.030801907919653,-5.995558826173578
blue,-75.974606958246824,-3.243274623222248
blue,-71.163716763334861,-2.090973529735521
blue,-66.223387705763542,-1.699903607114379
blue,-61.266121141423753,-1.643433152583142
blue,-56.308275068042917,-1.658656920049779
blue,-51.359223747666903,-1.411405916905224
blue,-48.226031889808326,1.088125970799396
blue,-50.596760015995173,5.432708465958100
blue,-53.192572487336932,9.656037846348170
blue,-55.388881534164540,14.098234648775900
blue,-57.170328413851337,18.723974457312792
blue,-58.808122383394732,23.403517111154954
blue,-60.631327865257759,28.013043197366599
blue,-62.755898654654715,32.492030188338560
blue,-65.019089084224447,36.903198257175575
blue,-67.283080841216872,41.313961951648224
blue,-69.433595852570051,45.780829260453714
blue,-71.319045096319684,50.364756226290467
blue,-72.651207030804926,55.134401567001817
blue,-72.741996757249268,60.063200234494616
blue,-70.396222335809313,64.330923261812586
blue,-66.004685652036272,66.523259606237133
blue,-61.089585070933111,67.041238657950316
blue,-56.238870419388832,66.136720368275206
blue,-52.414997708741467,63.129415736284614
blue,-51.005377136189495,58.405778081204062
blue,-49.022540514960227,53.960914481921122
blue,-44.689725227526992,51.668026954552573
blue,-41.603353246810414,53.971167156518959
blue,-42.443916962594116,58.847695332868227
blue,-43.792514287171770,63.618342694948637
blue,-45.124192708471980,68.393586295913678
blue,-45.840197920307759,73.285869348744086
blue,-43.438452026352195,77.234643364008519
blue,-38.626663834444258,76.581083379430112
blue,-34.677191589205279,73.657658684805511
blue,-32.308495452335904,69.334125410003310
blue,-31.118586009117806,64.526522805854199
blue,-30.255622868448967,59.644509293906481
blue,-28.706774588729246,54.955631176860436
blue,-24.957662756786192,51.882928208071434
blue,-21.362707780674654,48.598880253336915
blue,-20.475997183664916,43.784084815529155
blue,-21.402543190455376,38.924089453015171
blue,-23.011106961043168,34.235817624139543
blue,-24.825926063343644,29.622058321247110
blue,-26.588450457020031,24.988317959157186
blue,-28.056366040114284,20.254542157921904
blue,-28.825547682192749,15.367490731848306
blue,-26.548335148758355,11.520919897069447
blue,-21.611932314360928,11.361192412612453
blue,-16.678108693311231,11.847370936908419
blue,-11.733618210192901,12.192184917080453
blue,-6.800718946544634,11.813434532572913
blue,-2.318697109360400,9.805807852334837
blue,0.488323994295484,5.788540593667406
blue,1.479074765021394,0.952233579134955
blue,1.033531605036700,-3.967938462716702
blue,-1.059957869128382,-8.417386273709027
blue,-5.231606800563441,-10.905700306346901
blue,-10.170589429816232,-11.177195318114912
blue,-15.101465298264571,-11.494789601710465
blue,-19.415334329425093,-13.890842849229927
blue,-24.253835870031878,-14.851966886766320
blue,-27.852288557764979,-17.131877178400529
blue,-26.559881675794756,-21.897586963757902
blue,-24.605737190141838,-26.453611874091408
blue,-22.590833067114090,-30.983571188777191
blue,-20.725618274487616,-35.576644035557898
blue,-19.184433348244738,-40.287196360390695
blue,-18.153271275897026,-45.133743434346968
blue,-17.789970711009559,-50.072876872804329
blue,-18.573075523659611,-54.943945893301645
blue,-21.935279013056473,-58.316269558175783
blue,-26.740149775041615,-57.552737718129592
blue,-30.962405622508328,-54.972368962233595
blue,-34.710148972096675,-51.732201978128337
blue,-37.995251152986697,-48.023959308876421
blue,-40.767145509105760,-43.917213422865572
blue,-43.081158425457346,-39.534295103170521
blue,-45.122308539667060,-35.016307560292333
blue,-47.162588376939397,-30.497928498835108
yellow,-46.912254321860047,-24.584950314055689
yellow,-49.961164509931749,-20.688491429008963
yellow,-54.304347138082562,-18.347555870779260
yellow,-59.172737888622947,-17.397153241519462
yellow,-64.132065120476824,-17.106281438108908
yellow,-69.098487706077407,-16.948692518863538
yellow,-74.023411045860570,-16.342895639514097
yellow,-78.084465661946155,-13.751964369148951
yellow,-78.319678006459839,-8.920552134841401
yellow,-74.552972793904729,-5.916773796297520
yellow,-69.692838155125969,-4.935107627638644
yellow,-64.732856811281891,-4.661853352874843
yellow,-59.763952663619847,-4.651795062943762
yellow,-54.795121202976105,-4.635986014021526
yellow,-49.849177561523817,-4.213932812370913
yellow,-45.580114414516956,-1.944848060419915
yellow,-45.683133636336208,2.805010841153887
yellow,-48.120276185601540,7.129947931873915
yellow,-50.712783074332421,11.368159793673584
yellow,-52.869479315667931,15.841786270000540
yellow,-54.611799699155796,20.494535736131709
yellow,-56.263893507327964,25.180800838199289
yellow,-58.134436367138989,29.783299260154493
yellow,-60.287620583435427,34.261126156187345
yellow,-62.560911397334849,38.679656324691280
yellow,-64.824120315921988,43.103333513756837
yellow,-66.957950356414557,47.590446705823922
yellow,-68.784084332703230,52.209736590973165
yellow,-69.886099283004569,57.043504461091828
yellow,-68.744563465723331,61.739021086917575
yellow,-64.331480251664743,63.815184609862257
yellow,-59.385187910813556,63.877428769021094
yellow,-55.061218133289870,61.707263939439429
yellow,-53.766410470384329,56.937583931475785
yellow,-51.725957821711972,52.464876384425764
yellow,-47.744222664323956,49.558367458424328
yellow,-42.934706639679405,48.505112335943238
yellow,-39.039694266883004,51.091433143572942
yellow,-38.785338327166116,55.997309271071146
yellow,-39.869462184819739,60.843552828710216
yellow,-41.252836072076462,65.616082836377160
yellow,-42.508726930583748,70.422414477057089
yellow,-41.624024542603564,74.386130419404424
yellow,-37.302589029240522,72.095634130629520
yellow,-34.950036644846406,67.769560982275067
yellow,-33.882481785339735,62.920385598838749
yellow,-32.974949171736938,58.035806367164753
yellow,-31.267630503164497,53.388360172235366
yellow,-27.796106492499462,49.922640367490914
yellow,-23.920988466313332,47.007728510937000
yellow,-23.707951759515865,42.119312645557244
yellow,-25.065523246839987,37.344143056945029
yellow,-26.831122670779962,32.699712037331182
yellow,-28.648129859804698,28.074837905355906
yellow,-30.286004731322208,23.384361178395906
yellow,-31.493722556686095,18.567623889931184
yellow,-31.724560984396646,13.623963443522669
yellow,-29.311954934431057,9.465053541867420
yellow,-24.551607836017979,8.273087347238729
yellow,-19.592476090185528,8.528032645541160
yellow,-14.648431016838018,9.025111096730981
yellow,-9.685428517008773,9.161127137022106
yellow,-4.911213842359842,7.958477821192744
yellow,-2.071686985939081,4.028307521997846
yellow,-1.525312297208288,-0.883812882067375
yellow,-2.792366015468360,-5.647351008291196
yellow,-6.829510714778010,-8.119540178454827
yellow,-11.795785876074603,-8.156531958002603
yellow,-16.688235184222833,-8.855808791353184
yellow,-20.998588668884366,-11.295098487228358
yellow,-25.906168097441380,-11.993531958294696
yellow,-30.151537927793441,-14.216584921489897
yellow,-30.611673003560867,-19.039854616820364
yellow,-29.049544737947713,-23.750386091764639
yellow,-27.062990422443931,-28.304789132888672
yellow,-25.054423610312796,-32.849706867008265
yellow,-23.227734749921325,-37.470015739648353
yellow,-21.782142455099674,-42.221751409696175
yellow,-20.927401289118734,-47.112825964968508
yellow,-20.939403807147812,-52.069970195052640
yellow,-23.690571574281890,-55.412303898329803
yellow,-28.149067933883089,-53.296861647660386
yellow,-32.005965808798067,-50.171808827164917
yellow,-35.365571129262577,-46.516732186204791
yellow,-38.168350712638187,-42.418252196113642
yellow,-40.478840723304486,-38.021045902520960
yellow,-42.516292749902235,-33.489117076808711
yellow,-44.570895477327809,-28.965040528363630
